,Domain,Type,TLD Manager
0,.aaa,generic,"American Automobile Association, Inc."
1,.aarp,generic,AARP
2,.abarth,generic,Fiat Chrysler Automobiles N.V.
3,.abb,generic,ABB Ltd
4,.abbott,generic,"Abbott Laboratories, Inc."
5,.abbvie,generic,AbbVie Inc.
6,.abc,generic,"Disney Enterprises, Inc."
7,.able,generic,Able Inc.
8,.abogado,generic,"Registry Services, LLC"
9,.abudhabi,generic,Abu Dhabi Systems and Information Centre
10,.ac,country-code,Internet Computer Bureau Limited
11,.academy,generic,"Binky Moon, LLC"
12,.accenture,generic,Accenture plc
13,.accountant,generic,dot Accountant Limited
14,.accountants,generic,"Binky Moon, LLC"
15,.aco,generic,ACO Severin Ahlmann GmbH & Co. KG
16,.active,generic,Not assigned
17,.actor,generic,"Dog Beach, LLC"
18,.ad,country-code,Andorra Telecom
19,.adac,generic,Not assigned
20,.ads,generic,Charleston Road Registry Inc.
21,.adult,generic,ICM Registry AD LLC
22,.ae,country-code,Telecommunications and Digital Government Regulatory Authority (TDRA)
23,.aeg,generic,Aktiebolaget Electrolux
24,.aero,sponsored,Societe Internationale de Telecommunications Aeronautique (SITA INC USA)
25,.aetna,generic,Aetna Life Insurance Company
26,.af,country-code,Ministry of Communications and IT
27,.afamilycompany,generic,Not assigned
28,.afl,generic,Australian Football League
29,.africa,generic,ZA Central Registry NPC trading as Registry.Africa
30,.ag,country-code,UHSA School of Medicine
31,.agakhan,generic,Fondation Aga Khan (Aga Khan Foundation)
32,.agency,generic,"Binky Moon, LLC"
33,.ai,country-code,Government of Anguilla
34,.aig,generic,"American International Group, Inc."
35,.aigo,generic,Not assigned
36,.airbus,generic,Airbus S.A.S.
37,.airforce,generic,"Dog Beach, LLC"
38,.airtel,generic,Bharti Airtel Limited
39,.akdn,generic,Fondation Aga Khan (Aga Khan Foundation)
40,.al,country-code,Electronic and Postal Communications Authority - AKEP
41,.alfaromeo,generic,Fiat Chrysler Automobiles N.V.
42,.alibaba,generic,Alibaba Group Holding Limited
43,.alipay,generic,Alibaba Group Holding Limited
44,.allfinanz,generic,Allfinanz Deutsche Vermögensberatung Aktiengesellschaft
45,.allstate,generic,Allstate Fire and Casualty Insurance Company
46,.ally,generic,Ally Financial Inc.
47,.alsace,generic,REGION GRAND EST
48,.alstom,generic,ALSTOM
49,.am,country-code,"""Internet Society"" Non-governmental Organization"
50,.amazon,generic,"Amazon Registry Services, Inc."
51,.americanexpress,generic,"American Express Travel Related Services Company, Inc."
52,.americanfamily,generic,"AmFam, Inc."
53,.amex,generic,"American Express Travel Related Services Company, Inc."
54,.amfam,generic,"AmFam, Inc."
55,.amica,generic,Amica Mutual Insurance Company
56,.amsterdam,generic,Gemeente Amsterdam
57,.an,country-code,Not assigned
58,.analytics,generic,Campus IP LLC
59,.android,generic,Charleston Road Registry Inc.
60,.anquan,generic,QIHOO 360 TECHNOLOGY CO. LTD.
61,.anz,generic,Australia and New Zealand Banking Group Limited
62,.ao,country-code,Ministry of Telecommunications and Information Technologies (MTTI)
63,.aol,generic,OATH Inc.
64,.apartments,generic,"Binky Moon, LLC"
65,.app,generic,Charleston Road Registry Inc.
66,.apple,generic,Apple Inc.
67,.aq,country-code,Antarctica Network Information Centre Limited
68,.aquarelle,generic,Aquarelle.com
69,.ar,country-code,Presidencia de la Nación – Secretaría Legal y Técnica
70,.arab,generic,League of Arab States
71,.aramco,generic,Aramco Services Company
72,.archi,generic,Afilias Limited
73,.army,generic,"Dog Beach, LLC"
74,.arpa,infrastructure,Internet Architecture Board (IAB)
75,.art,generic,UK Creative Ideas Limited
76,.arte,generic,Association Relative à la Télévision Européenne G.E.I.E.
77,.as,country-code,AS Domain Registry
78,.asda,generic,"Wal-Mart Stores, Inc."
79,.asia,sponsored,DotAsia Organisation Ltd.
80,.associates,generic,"Binky Moon, LLC"
81,.at,country-code,nic.at GmbH
82,.athleta,generic,"The Gap, Inc."
83,.attorney,generic,"Dog Beach, LLC"
84,.au,country-code,.au Domain Administration (auDA)
85,.auction,generic,"Dog Beach, LLC"
86,.audi,generic,AUDI Aktiengesellschaft
87,.audible,generic,"Amazon Registry Services, Inc."
88,.audio,generic,XYZ.COM LLC
89,.auspost,generic,Australian Postal Corporation
90,.author,generic,"Amazon Registry Services, Inc."
91,.auto,generic,XYZ.COM LLC
92,.autos,generic,XYZ.COM LLC
93,.avianca,generic,Avianca Holdings S.A.
94,.aw,country-code,SETAR
95,.aws,generic,AWS Registry LLC
96,.ax,country-code,Ålands landskapsregering
97,.axa,generic,AXA Group Operations SAS
98,.az,country-code,IntraNS
99,.azure,generic,Microsoft Corporation
100,.ba,country-code,Universtiy Telinformatic Centre (UTIC)
101,.baby,generic,XYZ.COM LLC
102,.baidu,generic,"Baidu, Inc."
103,.banamex,generic,Citigroup Inc.
104,.bananarepublic,generic,"The Gap, Inc."
105,.band,generic,"Dog Beach, LLC"
106,.bank,generic,"fTLD Registry Services, LLC"
107,.bar,generic,Punto 2012 Sociedad Anonima Promotora de Inversion de Capital Variable
108,.barcelona,generic,Municipi de Barcelona
109,.barclaycard,generic,Barclays Bank PLC
110,.barclays,generic,Barclays Bank PLC
111,.barefoot,generic,"Gallo Vineyards, Inc."
112,.bargains,generic,"Binky Moon, LLC"
113,.baseball,generic,"MLB Advanced Media DH, LLC"
114,.basketball,generic,Fédération Internationale de Basketball (FIBA)
115,.bauhaus,generic,Werkhaus GmbH
116,.bayern,generic,Bayern Connect GmbH
117,.bb,country-code,"Ministry of Innovation, Science and Smart Technology"
118,.bbc,generic,British Broadcasting Corporation
119,.bbt,generic,BB&T Corporation
120,.bbva,generic,"BANCO BILBAO VIZCAYA ARGENTARIA, S.A."
121,.bcg,generic,"The Boston Consulting Group, Inc."
122,.bcn,generic,Municipi de Barcelona
123,.bd,country-code,Posts and Telecommunications Division
124,.be,country-code,DNS Belgium vzw/asbl
125,.beats,generic,"Beats Electronics, LLC"
126,.beauty,generic,XYZ.COM LLC
127,.beer,generic,"Registry Services, LLC"
128,.bentley,generic,Bentley Motors Limited
129,.berlin,generic,dotBERLIN GmbH & Co. KG
130,.best,generic,BestTLD Pty Ltd
131,.bestbuy,generic,"BBY Solutions, Inc."
132,.bet,generic,Afilias Limited
133,.bf,country-code,ARCE-AutoritÈ de RÈgulation des Communications Electroniques
134,.bg,country-code,Register.BG
135,.bh,country-code,Telecommunications Regulatory Authority (TRA)
136,.bharti,generic,Bharti Enterprises (Holding) Private Limited
137,.bi,country-code,Centre National de l'Informatique
138,.bible,generic,American Bible Society
139,.bid,generic,dot Bid Limited
140,.bike,generic,"Binky Moon, LLC"
141,.bing,generic,Microsoft Corporation
142,.bingo,generic,"Binky Moon, LLC"
143,.bio,generic,Afilias Limited
144,.biz,generic-restricted,"Registry Services, LLC"
145,.bj,country-code,Autorité de Régulation des Communications Electroniques et de la Poste du Bénin (ARCEP BENIN)
146,.bl,country-code,Not assigned
147,.black,generic,Afilias Limited
148,.blackfriday,generic,"Registry Services, LLC"
149,.blanco,generic,Not assigned
150,.blockbuster,generic,Dish DBS Corporation
151,.blog,generic,"Knock Knock WHOIS There, LLC"
152,.bloomberg,generic,Bloomberg IP Holdings LLC
153,.blue,generic,Afilias Limited
154,.bm,country-code,"Registry General Department, Ministry of Home Affairs"
155,.bms,generic,Bristol-Myers Squibb Company
156,.bmw,generic,Bayerische Motoren Werke Aktiengesellschaft
157,.bn,country-code,Authority for Info-communications Technology Industry of Brunei Darussalam (AITI)
158,.bnl,generic,Not assigned
159,.bnpparibas,generic,BNP Paribas
160,.bo,country-code,Agencia para el Desarrollo de la Información de la Sociedad en Bolivia
161,.boats,generic,XYZ.COM LLC
162,.boehringer,generic,Boehringer Ingelheim International GmbH
163,.bofa,generic,Bank of America Corporation
164,.bom,generic,Núcleo de Informação e Coordenação do Ponto BR - NIC.br
165,.bond,generic,Shortdot SA
166,.boo,generic,Charleston Road Registry Inc.
167,.book,generic,"Amazon Registry Services, Inc."
168,.booking,generic,Booking.com B.V.
169,.boots,generic,Not assigned
170,.bosch,generic,Robert Bosch GMBH
171,.bostik,generic,Bostik SA
172,.boston,generic,"Registry Services, LLC"
173,.bot,generic,"Amazon Registry Services, Inc."
174,.boutique,generic,"Binky Moon, LLC"
175,.box,generic,Intercap Registry Inc.
176,.bq,country-code,Not assigned
177,.br,country-code,Comite Gestor da Internet no Brasil
178,.bradesco,generic,Banco Bradesco S.A.
179,.bridgestone,generic,Bridgestone Corporation
180,.broadway,generic,"Celebrate Broadway, Inc."
181,.broker,generic,"Dog Beach, LLC"
182,.brother,generic,"Brother Industries, Ltd."
183,.brussels,generic,DNS.be vzw
184,.bs,country-code,University of The Bahamas
185,.bt,country-code,Ministry of Information and Communications
186,.budapest,generic,Not assigned
187,.bugatti,generic,Not assigned
188,.build,generic,Plan Bee LLC
189,.builders,generic,"Binky Moon, LLC"
190,.business,generic,"Binky Moon, LLC"
191,.buy,generic,"Amazon Registry Services, INC"
192,.buzz,generic,DOTSTRATEGY CO.
193,.bv,country-code,Norid A/S
194,.bw,country-code,Botswana Communications Regulatory Authority (BOCRA)
195,.by,country-code,Belarusian Cloud Technologies LLC
196,.bz,country-code,University of Belize
197,.bzh,generic,Association www.bzh
198,.ca,country-code,Canadian Internet Registration Authority (CIRA) Autorité Canadienne pour les enregistrements Internet (ACEI)
199,.cab,generic,"Binky Moon, LLC"
200,.cafe,generic,"Binky Moon, LLC"
201,.cal,generic,Charleston Road Registry Inc.
202,.call,generic,"Amazon Registry Services, Inc."
203,.calvinklein,generic,PVH gTLD Holdings LLC
204,.cam,generic,CAM Connecting SARL
205,.camera,generic,"Binky Moon, LLC"
206,.camp,generic,"Binky Moon, LLC"
207,.cancerresearch,generic,Not assigned
208,.canon,generic,Canon Inc.
209,.capetown,generic,ZA Central Registry NPC trading as ZA Central Registry
210,.capital,generic,"Binky Moon, LLC"
211,.capitalone,generic,Capital One Financial Corporation
212,.car,generic,XYZ.COM LLC
213,.caravan,generic,"Caravan International, Inc."
214,.cards,generic,"Binky Moon, LLC"
215,.care,generic,"Binky Moon, LLC"
216,.career,generic,dotCareer LLC
217,.careers,generic,"Binky Moon, LLC"
218,.cars,generic,XYZ.COM LLC
219,.cartier,generic,Not assigned
220,.casa,generic,"Registry Services, LLC"
221,.case,generic,CNH Industrial N.V.
222,.caseih,generic,Not assigned
223,.cash,generic,"Binky Moon, LLC"
224,.casino,generic,"Binky Moon, LLC"
225,.cat,sponsored,Fundacio puntCAT
226,.catering,generic,"Binky Moon, LLC"
227,.catholic,generic,Pontificium Consilium de Comunicationibus Socialibus (PCCS) (Pontifical Council for Social Communication)
228,.cba,generic,COMMONWEALTH BANK OF AUSTRALIA
229,.cbn,generic,"The Christian Broadcasting Network, Inc."
230,.cbre,generic,"CBRE, Inc."
231,.cbs,generic,CBS Domains Inc.
232,.cc,country-code,eNIC Cocos (Keeling) Islands Pty. Ltd. d/b/a Island Internet Services
233,.cd,country-code,Office Congolais des Postes et Télécommunications - OCPT
234,.ceb,generic,Not assigned
235,.center,generic,"Binky Moon, LLC"
236,.ceo,generic,CEOTLD Pty Ltd
237,.cern,generic,"European Organization for Nuclear Research (""CERN"")"
238,.cf,country-code,Societe Centrafricaine de Telecommunications (SOCATEL)
239,.cfa,generic,CFA Institute
240,.cfd,generic,DOTCFD REGISTRY LTD
241,.cg,country-code,Interpoint Switzerland
242,.ch,country-code,SWITCH The Swiss Education & Research Network
243,.chanel,generic,Chanel International B.V.
244,.channel,generic,Charleston Road Registry Inc.
245,.charity,generic,Public Interest Registry (PIR)
246,.chase,generic,"JPMorgan Chase Bank, National Association"
247,.chat,generic,"Binky Moon, LLC"
248,.cheap,generic,"Binky Moon, LLC"
249,.chintai,generic,CHINTAI Corporation
250,.chloe,generic,Not assigned
251,.christmas,generic,XYZ.COM LLC
252,.chrome,generic,Charleston Road Registry Inc.
253,.chrysler,generic,Not assigned
254,.church,generic,"Binky Moon, LLC"
255,.ci,country-code,Autorité de Régulation des Télécommunications/TIC de Côte d’lvoire (ARTCI)
256,.cipriani,generic,Hotel Cipriani Srl
257,.circle,generic,"Amazon Registry Services, Inc."
258,.cisco,generic,"Cisco Technology, Inc."
259,.citadel,generic,Citadel Domain LLC
260,.citi,generic,Citigroup Inc.
261,.citic,generic,CITIC Group Corporation
262,.city,generic,"Binky Moon, LLC"
263,.cityeats,generic,"Lifestyle Domain Holdings, Inc."
264,.ck,country-code,Telecom Cook Islands Ltd.
265,.cl,country-code,NIC Chile (University of Chile)
266,.claims,generic,"Binky Moon, LLC"
267,.cleaning,generic,"Binky Moon, LLC"
268,.click,generic,Internet Naming Co.
269,.clinic,generic,"Binky Moon, LLC"
270,.clinique,generic,The Estée Lauder Companies Inc.
271,.clothing,generic,"Binky Moon, LLC"
272,.cloud,generic,ARUBA PEC S.p.A.
273,.club,generic,"Registry Services, LLC"
274,.clubmed,generic,Club Méditerranée S.A.
275,.cm,country-code,Cameroon Telecommunications (CAMTEL)
276,.cn,country-code,China Internet Network Information Center (CNNIC)
277,.co,country-code,Ministry of Information and Communications Technologies (MinTIC)
278,.coach,generic,"Binky Moon, LLC"
279,.codes,generic,"Binky Moon, LLC"
280,.coffee,generic,"Binky Moon, LLC"
281,.college,generic,XYZ.COM LLC
282,.cologne,generic,dotKoeln GmbH
283,.com,generic,VeriSign Global Registry Services
284,.comcast,generic,"Comcast IP Holdings I, LLC"
285,.commbank,generic,COMMONWEALTH BANK OF AUSTRALIA
286,.community,generic,"Binky Moon, LLC"
287,.company,generic,"Binky Moon, LLC"
288,.compare,generic,"Registry Services, LLC"
289,.computer,generic,"Binky Moon, LLC"
290,.comsec,generic,"VeriSign, Inc."
291,.condos,generic,"Binky Moon, LLC"
292,.construction,generic,"Binky Moon, LLC"
293,.consulting,generic,"Dog Beach, LLC"
294,.contact,generic,"Dog Beach, LLC"
295,.contractors,generic,"Binky Moon, LLC"
296,.cooking,generic,"Registry Services, LLC"
297,.cookingchannel,generic,"Lifestyle Domain Holdings, Inc."
298,.cool,generic,"Binky Moon, LLC"
299,.coop,sponsored,DotCooperation LLC
300,.corsica,generic,Collectivité de Corse
301,.country,generic,Internet Naming Co.
302,.coupon,generic,"Amazon Registry Services, Inc."
303,.coupons,generic,"Binky Moon, LLC"
304,.courses,generic,"Registry Services, LLC"
305,.cpa,generic,American Institute of Certified Public Accountants
306,.cr,country-code,National Academy of Sciences Academia Nacional de Ciencias
307,.credit,generic,"Binky Moon, LLC"
308,.creditcard,generic,"Binky Moon, LLC"
309,.creditunion,generic,"DotCooperation, LLC"
310,.cricket,generic,dot Cricket Limited
311,.crown,generic,Crown Equipment Corporation
312,.crs,generic,Federated Co-operatives Limited
313,.cruise,generic,Viking River Cruises (Bermuda) Ltd.
314,.cruises,generic,"Binky Moon, LLC"
315,.csc,generic,Not assigned
316,.cu,country-code,CENIAInternet Industria y San Jose Capitolio Nacional
317,.cuisinella,generic,SCHMIDT GROUPE S.A.S.
318,.cv,country-code,Agência Reguladora Multissectorial da Economia (ARME)
319,.cw,country-code,University of Curacao
320,.cx,country-code,Christmas Island Domain Administration Limited
321,.cy,country-code,University of Cyprus
322,.cymru,generic,Nominet UK
323,.cyou,generic,Shortdot SA
324,.cz,country-code,"CZ.NIC, z.s.p.o"
325,.dabur,generic,Dabur India Limited
326,.dad,generic,Charleston Road Registry Inc.
327,.dance,generic,"Dog Beach, LLC"
328,.data,generic,Dish DBS Corporation
329,.date,generic,dot Date Limited
330,.dating,generic,"Binky Moon, LLC"
331,.datsun,generic,"NISSAN MOTOR CO., LTD."
332,.day,generic,Charleston Road Registry Inc.
333,.dclk,generic,Charleston Road Registry Inc.
334,.dds,generic,"Registry Services, LLC"
335,.de,country-code,DENIC eG
336,.deal,generic,"Amazon Registry Services, Inc."
337,.dealer,generic,Intercap Registry Inc.
338,.deals,generic,"Binky Moon, LLC"
339,.degree,generic,"Dog Beach, LLC"
340,.delivery,generic,"Binky Moon, LLC"
341,.dell,generic,Dell Inc.
342,.deloitte,generic,Deloitte Touche Tohmatsu
343,.delta,generic,"Delta Air Lines, Inc."
344,.democrat,generic,"Dog Beach, LLC"
345,.dental,generic,"Binky Moon, LLC"
346,.dentist,generic,"Dog Beach, LLC"
347,.desi,generic,Desi Networks LLC
348,.design,generic,"Registry Services, LLC"
349,.dev,generic,Charleston Road Registry Inc.
350,.dhl,generic,Deutsche Post AG
351,.diamonds,generic,"Binky Moon, LLC"
352,.diet,generic,XYZ.COM LLC
353,.digital,generic,"Binky Moon, LLC"
354,.direct,generic,"Binky Moon, LLC"
355,.directory,generic,"Binky Moon, LLC"
356,.discount,generic,"Binky Moon, LLC"
357,.discover,generic,Discover Financial Services
358,.dish,generic,Dish DBS Corporation
359,.diy,generic,"Lifestyle Domain Holdings, Inc."
360,.dj,country-code,Djibouti Telecom S.A
361,.dk,country-code,Dansk Internet Forum
362,.dm,country-code,DotDM Corporation
363,.dnp,generic,"Dai Nippon Printing Co., Ltd."
364,.do,country-code,Pontificia Universidad Catolica Madre y Maestra Recinto Santo Tomas de Aquino
365,.docs,generic,Charleston Road Registry Inc.
366,.doctor,generic,"Binky Moon, LLC"
367,.dodge,generic,Not assigned
368,.dog,generic,"Binky Moon, LLC"
369,.doha,generic,Not assigned
370,.domains,generic,"Binky Moon, LLC"
371,.doosan,generic,Not assigned
372,.dot,generic,Dish DBS Corporation
373,.download,generic,dot Support Limited
374,.drive,generic,Charleston Road Registry Inc.
375,.dtv,generic,Dish DBS Corporation
376,.dubai,generic,Dubai Smart Government Department
377,.duck,generic,Not assigned
378,.dunlop,generic,The Goodyear Tire & Rubber Company
379,.duns,generic,Not assigned
380,.dupont,generic,"DuPont Specialty Products USA, LLC"
381,.durban,generic,ZA Central Registry NPC trading as ZA Central Registry
382,.dvag,generic,Deutsche Vermögensberatung Aktiengesellschaft DVAG
383,.dvr,generic,Hughes Satellite Systems Corporation
384,.dz,country-code,CERIST
385,.earth,generic,Interlink Systems Innovation Institute K.K.
386,.eat,generic,Charleston Road Registry Inc.
387,.ec,country-code,ECUADORDOMAIN S.A.
388,.eco,generic,Big Room Inc.
389,.edeka,generic,EDEKA Verband kaufmännischer Genossenschaften e.V.
390,.edu,sponsored,EDUCAUSE
391,.education,generic,"Binky Moon, LLC"
392,.ee,country-code,Eesti Interneti Sihtasutus (EIS)
393,.eg,country-code,Egyptian Universities Network (EUN) Supreme Council of Universities
394,.eh,country-code,Not assigned
395,.email,generic,"Binky Moon, LLC"
396,.emerck,generic,Merck KGaA
397,.energy,generic,"Binky Moon, LLC"
398,.engineer,generic,"Dog Beach, LLC"
399,.engineering,generic,"Binky Moon, LLC"
400,.enterprises,generic,"Binky Moon, LLC"
401,.epost,generic,Not assigned
402,.epson,generic,Seiko Epson Corporation
403,.equipment,generic,"Binky Moon, LLC"
404,.er,country-code,Eritrea Telecommunication Services Corporation (EriTel)
405,.ericsson,generic,Telefonaktiebolaget L M Ericsson
406,.erni,generic,ERNI Group Holding AG
407,.es,country-code,Red.es
408,.esq,generic,Charleston Road Registry Inc.
409,.estate,generic,"Binky Moon, LLC"
410,.esurance,generic,Not assigned
411,.et,country-code,Ethio telecom
412,.etisalat,generic,Emirates Telecommunications Corporation (trading as Etisalat)
413,.eu,country-code,EURid vzw/asbl
414,.eurovision,generic,European Broadcasting Union (EBU)
415,.eus,generic,Puntueus Fundazioa
416,.events,generic,"Binky Moon, LLC"
417,.everbank,generic,Not assigned
418,.exchange,generic,"Binky Moon, LLC"
419,.expert,generic,"Binky Moon, LLC"
420,.exposed,generic,"Binky Moon, LLC"
421,.express,generic,"Binky Moon, LLC"
422,.extraspace,generic,Extra Space Storage LLC
423,.fage,generic,Fage International S.A.
424,.fail,generic,"Binky Moon, LLC"
425,.fairwinds,generic,"FairWinds Partners, LLC"
426,.faith,generic,dot Faith Limited
427,.family,generic,"Dog Beach, LLC"
428,.fan,generic,"Dog Beach, LLC"
429,.fans,generic,ZDNS International Limited
430,.farm,generic,"Binky Moon, LLC"
431,.farmers,generic,Farmers Insurance Exchange
432,.fashion,generic,"Registry Services, LLC"
433,.fast,generic,"Amazon Registry Services, Inc."
434,.fedex,generic,Federal Express Corporation
435,.feedback,generic,"Top Level Spectrum, Inc."
436,.ferrari,generic,Fiat Chrysler Automobiles N.V.
437,.ferrero,generic,Ferrero Trading Lux S.A.
438,.fi,country-code,Finnish Transport and Communications Agency Traficom
439,.fiat,generic,Fiat Chrysler Automobiles N.V.
440,.fidelity,generic,Fidelity Brokerage Services LLC
441,.fido,generic,Rogers Communications Canada Inc.
442,.film,generic,Motion Picture Domain Registry Pty Ltd
443,.final,generic,Núcleo de Informação e Coordenação do Ponto BR - NIC.br
444,.finance,generic,"Binky Moon, LLC"
445,.financial,generic,"Binky Moon, LLC"
446,.fire,generic,"Amazon Registry Services, Inc."
447,.firestone,generic,"Bridgestone Licensing Services, Inc."
448,.firmdale,generic,Firmdale Holdings Limited
449,.fish,generic,"Binky Moon, LLC"
450,.fishing,generic,"Registry Services, LLC"
451,.fit,generic,"Registry Services, LLC"
452,.fitness,generic,"Binky Moon, LLC"
453,.fj,country-code,The University of the South Pacific IT Services
454,.fk,country-code,Falkland Islands Government
455,.flickr,generic,"Flickr, Inc."
456,.flights,generic,"Binky Moon, LLC"
457,.flir,generic,"FLIR Systems, Inc."
458,.florist,generic,"Binky Moon, LLC"
459,.flowers,generic,XYZ.COM LLC
460,.flsmidth,generic,Not assigned
461,.fly,generic,Charleston Road Registry Inc.
462,.fm,country-code,FSM Telecommunications Corporation
463,.fo,country-code,FO Council
464,.foo,generic,Charleston Road Registry Inc.
465,.food,generic,"Lifestyle Domain Holdings, Inc."
466,.foodnetwork,generic,"Lifestyle Domain Holdings, Inc."
467,.football,generic,"Binky Moon, LLC"
468,.ford,generic,Ford Motor Company
469,.forex,generic,"Dog Beach, LLC"
470,.forsale,generic,"Dog Beach, LLC"
471,.forum,generic,"Fegistry, LLC"
472,.foundation,generic,Public Interest Registry (PIR)
473,.fox,generic,"FOX Registry, LLC"
474,.fr,country-code,Association Française pour le Nommage Internet en Coopération (A.F.N.I.C.)
475,.free,generic,"Amazon Registry Services, Inc."
476,.fresenius,generic,Fresenius Immobilien-Verwaltungs-GmbH
477,.frl,generic,FRLregistry B.V.
478,.frogans,generic,OP3FT
479,.frontdoor,generic,"Lifestyle Domain Holdings, Inc."
480,.frontier,generic,Frontier Communications Corporation
481,.ftr,generic,Frontier Communications Corporation
482,.fujitsu,generic,Fujitsu Limited
483,.fujixerox,generic,Not assigned
484,.fun,generic,Radix FZC
485,.fund,generic,"Binky Moon, LLC"
486,.furniture,generic,"Binky Moon, LLC"
487,.futbol,generic,"Dog Beach, LLC"
488,.fyi,generic,"Binky Moon, LLC"
489,.ga,country-code,Agence Nationale des Infrastructures Numériques et des Fréquences (ANINF)
490,.gal,generic,Asociación puntoGAL
491,.gallery,generic,"Binky Moon, LLC"
492,.gallo,generic,"Gallo Vineyards, Inc."
493,.gallup,generic,"Gallup, Inc."
494,.game,generic,XYZ.COM LLC
495,.games,generic,"Dog Beach, LLC"
496,.gap,generic,"The Gap, Inc."
497,.garden,generic,"Registry Services, LLC"
498,.gay,generic,"Top Level Design, LLC"
499,.gb,country-code,Reserved Domain - IANA
500,.gbiz,generic,Charleston Road Registry Inc.
501,.gd,country-code,The National Telecommunications Regulatory Commission (NTRC)
502,.gdn,generic,"Joint Stock Company ""Navigation-information systems"""
503,.ge,country-code,Caucasus Online LLC
504,.gea,generic,GEA Group Aktiengesellschaft
505,.gent,generic,Combell nv
506,.genting,generic,Resorts World Inc. Pte. Ltd.
507,.george,generic,"Wal-Mart Stores, Inc."
508,.gf,country-code,CANAL+ TELECOM
509,.gg,country-code,Island Networks Ltd.
510,.ggee,generic,"GMO Internet, Inc."
511,.gh,country-code,Network Computer Systems Limited
512,.gi,country-code,Sapphire Networks
513,.gift,generic,"Uniregistry, Corp."
514,.gifts,generic,"Binky Moon, LLC"
515,.gives,generic,Public Interest Registry (PIR)
516,.giving,generic,Public Interest Registry (PIR)
517,.gl,country-code,TELE Greenland A/S
518,.glade,generic,Not assigned
519,.glass,generic,"Binky Moon, LLC"
520,.gle,generic,Charleston Road Registry Inc.
521,.global,generic,Dot Global Domain Registry Limited
522,.globo,generic,Globo Comunicação e Participações S.A
523,.gm,country-code,GM-NIC
524,.gmail,generic,Charleston Road Registry Inc.
525,.gmbh,generic,"Binky Moon, LLC"
526,.gmo,generic,"GMO Internet, Inc."
527,.gmx,generic,1&1 Mail & Media GmbH
528,.gn,country-code,Centre National des Sciences Halieutiques de Boussoura
529,.godaddy,generic,"Go Daddy East, LLC"
530,.gold,generic,"Binky Moon, LLC"
531,.goldpoint,generic,"YODOBASHI CAMERA CO.,LTD."
532,.golf,generic,"Binky Moon, LLC"
533,.goo,generic,NTT Resonant Inc.
534,.goodhands,generic,Not assigned
535,.goodyear,generic,The Goodyear Tire & Rubber Company
536,.goog,generic,Charleston Road Registry Inc.
537,.google,generic,Charleston Road Registry Inc.
538,.gop,generic,"Republican State Leadership Committee, Inc."
539,.got,generic,"Amazon Registry Services, Inc."
540,.gov,sponsored,Cybersecurity and Infrastructure Security Agency
541,.gp,country-code,Networking Technologies Group
542,.gq,country-code,GETESA
543,.gr,country-code,ICS-FORTH GR
544,.grainger,generic,"Grainger Registry Services, LLC"
545,.graphics,generic,"Binky Moon, LLC"
546,.gratis,generic,"Binky Moon, LLC"
547,.green,generic,Afilias Limited
548,.gripe,generic,"Binky Moon, LLC"
549,.grocery,generic,"Wal-Mart Stores, Inc."
550,.group,generic,"Binky Moon, LLC"
551,.gs,country-code,Government of South Georgia and South Sandwich Islands (GSGSSI)
552,.gt,country-code,Universidad del Valle de Guatemala
553,.gu,country-code,University of Guam
554,.guardian,generic,The Guardian Life Insurance Company of America
555,.gucci,generic,Guccio Gucci S.p.a.
556,.guge,generic,Charleston Road Registry Inc.
557,.guide,generic,"Binky Moon, LLC"
558,.guitars,generic,XYZ.COM LLC
559,.guru,generic,"Binky Moon, LLC"
560,.gw,country-code,Autoridade Reguladora Nacional - Tecnologias de Informação e Comunicação da Guiné-Bissau
561,.gy,country-code,University of Guyana
562,.hair,generic,XYZ.COM LLC
563,.hamburg,generic,Hamburg Top-Level-Domain GmbH
564,.hangout,generic,Charleston Road Registry Inc.
565,.haus,generic,"Dog Beach, LLC"
566,.hbo,generic,"HBO Registry Services, Inc."
567,.hdfc,generic,HOUSING DEVELOPMENT FINANCE CORPORATION LIMITED
568,.hdfcbank,generic,HDFC Bank Limited
569,.health,generic,"DotHealth, LLC"
570,.healthcare,generic,"Binky Moon, LLC"
571,.help,generic,UNR Corp.
572,.helsinki,generic,City of Helsinki
573,.here,generic,Charleston Road Registry Inc.
574,.hermes,generic,Hermes International
575,.hgtv,generic,"Lifestyle Domain Holdings, Inc."
576,.hiphop,generic,"Dot Hip Hop, LLC"
577,.hisamitsu,generic,"Hisamitsu Pharmaceutical Co.,Inc."
578,.hitachi,generic,"Hitachi, Ltd."
579,.hiv,generic,Internet Naming Co.
580,.hk,country-code,Hong Kong Internet Registration Corporation Ltd.
581,.hkt,generic,PCCW-HKT DataCom Services Limited
582,.hm,country-code,HM Domain Registry
583,.hn,country-code,Red de Desarrollo Sostenible Honduras
584,.hockey,generic,"Binky Moon, LLC"
585,.holdings,generic,"Binky Moon, LLC"
586,.holiday,generic,"Binky Moon, LLC"
587,.homedepot,generic,"Home Depot Product Authority, LLC"
588,.homegoods,generic,"The TJX Companies, Inc."
589,.homes,generic,XYZ.COM LLC
590,.homesense,generic,"The TJX Companies, Inc."
591,.honda,generic,"Honda Motor Co., Ltd."
592,.honeywell,generic,Not assigned
593,.horse,generic,"Registry Services, LLC"
594,.hospital,generic,"Binky Moon, LLC"
595,.host,generic,Radix FZC
596,.hosting,generic,XYZ.COM LLC
597,.hot,generic,"Amazon Registry Services, Inc."
598,.hoteles,generic,Travel Reservations SRL
599,.hotels,generic,Booking.com B.V.
600,.hotmail,generic,Microsoft Corporation
601,.house,generic,"Binky Moon, LLC"
602,.how,generic,Charleston Road Registry Inc.
603,.hr,country-code,CARNet - Croatian Academic and Research Network
604,.hsbc,generic,HSBC Global Services (UK) Limited
605,.ht,country-code,Consortium FDS/RDDH
606,.htc,generic,Not assigned
607,.hu,country-code,Council of Hungarian Internet Providers (CHIP)
608,.hughes,generic,Hughes Satellite Systems Corporation
609,.hyatt,generic,"Hyatt GTLD, L.L.C."
610,.hyundai,generic,Hyundai Motor Company
611,.ibm,generic,International Business Machines Corporation
612,.icbc,generic,Industrial and Commercial Bank of China Limited
613,.ice,generic,"IntercontinentalExchange, Inc."
614,.icu,generic,Shortdot SA
615,.id,country-code,Perkumpulan Pengelola Nama Domain Internet Indonesia (PANDI)
616,.ie,country-code,University College Dublin Computing Services Computer Centre
617,.ieee,generic,IEEE Global LLC
618,.ifm,generic,ifm electronic gmbh
619,.iinet,generic,Not assigned
620,.ikano,generic,Ikano S.A.
621,.il,country-code,The Israel Internet Association (RA)
622,.im,country-code,Isle of Man Government
623,.imamat,generic,Fondation Aga Khan (Aga Khan Foundation)
624,.imdb,generic,"Amazon Registry Services, Inc."
625,.immo,generic,"Binky Moon, LLC"
626,.immobilien,generic,"Dog Beach, LLC"
627,.in,country-code,National Internet Exchange of India
628,.inc,generic,Intercap Registry Inc.
629,.industries,generic,"Binky Moon, LLC"
630,.infiniti,generic,"NISSAN MOTOR CO., LTD."
631,.info,generic,Afilias Limited
632,.ing,generic,Charleston Road Registry Inc.
633,.ink,generic,"Top Level Design, LLC"
634,.institute,generic,"Binky Moon, LLC"
635,.insurance,generic,fTLD Registry Services LLC
636,.insure,generic,"Binky Moon, LLC"
637,.int,sponsored,Internet Assigned Numbers Authority
638,.intel,generic,Not assigned
639,.international,generic,"Binky Moon, LLC"
640,.intuit,generic,"Intuit Administrative Services, Inc."
641,.investments,generic,"Binky Moon, LLC"
642,.io,country-code,Internet Computer Bureau Limited
643,.ipiranga,generic,Ipiranga Produtos de Petroleo S.A.
644,.iq,country-code,Communications and Media Commission (CMC)
645,.ir,country-code,Institute for Research in Fundamental Sciences
646,.irish,generic,"Binky Moon, LLC"
647,.is,country-code,ISNIC - Internet Iceland ltd.
648,.iselect,generic,Not assigned
649,.ismaili,generic,Fondation Aga Khan (Aga Khan Foundation)
650,.ist,generic,Istanbul Metropolitan Municipality
651,.istanbul,generic,Istanbul Metropolitan Municipality
652,.it,country-code,IIT - CNR
653,.itau,generic,Itau Unibanco Holding S.A.
654,.itv,generic,ITV Services Limited
655,.iveco,generic,Not assigned
656,.iwc,generic,Not assigned
657,.jaguar,generic,Jaguar Land Rover Ltd
658,.java,generic,Oracle Corporation
659,.jcb,generic,"JCB Co., Ltd."
660,.jcp,generic,Not assigned
661,.je,country-code,Island Networks (Jersey) Ltd.
662,.jeep,generic,FCA US LLC.
663,.jetzt,generic,"Binky Moon, LLC"
664,.jewelry,generic,"Binky Moon, LLC"
665,.jio,generic,"Affinity Names, Inc."
666,.jlc,generic,Not assigned
667,.jll,generic,Jones Lang LaSalle Incorporated
668,.jm,country-code,University of West Indies
669,.jmp,generic,Matrix IP LLC
670,.jnj,generic,"Johnson & Johnson Services, Inc."
671,.jo,country-code,Ministry of Digital Economy and Entrepreneurship (MoDEE)
672,.jobs,sponsored,Employ Media LLC
673,.joburg,generic,ZA Central Registry NPC trading as ZA Central Registry
674,.jot,generic,"Amazon Registry Services, Inc."
675,.joy,generic,"Amazon Registry Services, Inc."
676,.jp,country-code,"Japan Registry Services Co., Ltd."
677,.jpmorgan,generic,"JPMorgan Chase Bank, National Association"
678,.jprs,generic,"Japan Registry Services Co., Ltd."
679,.juegos,generic,Internet Naming Company LLC
680,.juniper,generic,"JUNIPER NETWORKS, INC."
681,.kaufen,generic,"Dog Beach, LLC"
682,.kddi,generic,KDDI CORPORATION
683,.ke,country-code,Kenya Network Information Center (KeNIC)
684,.kerryhotels,generic,Kerry Trading Co. Limited
685,.kerrylogistics,generic,Kerry Trading Co. Limited
686,.kerryproperties,generic,Kerry Trading Co. Limited
687,.kfh,generic,Kuwait Finance House
688,.kg,country-code,AsiaInfo Telecommunication Enterprise
689,.kh,country-code,Telecommunication Regulator of Cambodia (TRC)
690,.ki,country-code,"Ministry of Communications, Transport, and Tourism Development"
691,.kia,generic,KIA MOTORS CORPORATION
692,.kids,generic,DotKids Foundation Limited
693,.kim,generic,Afilias Limited
694,.kinder,generic,Ferrero Trading Lux S.A.
695,.kindle,generic,"Amazon Registry Services, Inc."
696,.kitchen,generic,"Binky Moon, LLC"
697,.kiwi,generic,DOT KIWI LIMITED
698,.km,country-code,Comores Telecom
699,.kn,country-code,"Ministry of Finance, Sustainable Development Information & Technology"
700,.koeln,generic,dotKoeln GmbH
701,.komatsu,generic,Komatsu Ltd.
702,.kosher,generic,Kosher Marketing Assets LLC
703,.kp,country-code,Star Joint Venture Company
704,.kpmg,generic,KPMG International Cooperative (KPMG International Genossenschaft)
705,.kpn,generic,Koninklijke KPN N.V.
706,.kr,country-code,Korea Internet & Security Agency (KISA)
707,.krd,generic,KRG Department of Information Technology
708,.kred,generic,KredTLD Pty Ltd
709,.kuokgroup,generic,Kerry Trading Co. Limited
710,.kw,country-code,Communications and Information Technology Regulatory Authority
711,.ky,country-code,Utility Regulation and Competition Office (OfReg)
712,.kyoto,generic,Academic Institution: Kyoto Jyoho Gakuen
713,.kz,country-code,Association of IT Companies of Kazakhstan
714,.la,country-code,"Lao National Internet Center (LANIC), Ministry of Technology and Communications"
715,.lacaixa,generic,CAIXA D'ESTALVIS I PENSIONS DE BARCELONA
716,.ladbrokes,generic,Not assigned
717,.lamborghini,generic,Automobili Lamborghini S.p.A.
718,.lamer,generic,The Estée Lauder Companies Inc.
719,.lancaster,generic,LANCASTER
720,.lancia,generic,Fiat Chrysler Automobiles N.V.
721,.lancome,generic,Not assigned
722,.land,generic,"Binky Moon, LLC"
723,.landrover,generic,Jaguar Land Rover Ltd
724,.lanxess,generic,LANXESS Corporation
725,.lasalle,generic,Jones Lang LaSalle Incorporated
726,.lat,generic,XYZ.COM LLC
727,.latino,generic,Dish DBS Corporation
728,.latrobe,generic,La Trobe University
729,.law,generic,"Registry Services, LLC"
730,.lawyer,generic,"Dog Beach, LLC"
731,.lb,country-code,American University of Beirut Computing and Networking Services
732,.lc,country-code,University of Puerto Rico
733,.lds,generic,"IRI Domain Management, LLC"
734,.lease,generic,"Binky Moon, LLC"
735,.leclerc,generic,A.C.D. LEC Association des Centres Distributeurs Edouard Leclerc
736,.lefrak,generic,"LeFrak Organization, Inc."
737,.legal,generic,"Binky Moon, LLC"
738,.lego,generic,LEGO Juris A/S
739,.lexus,generic,TOYOTA MOTOR CORPORATION
740,.lgbt,generic,Afilias Limited
741,.li,country-code,SWITCH The Swiss Education & Research Network
742,.liaison,generic,Not assigned
743,.lidl,generic,Schwarz Domains und Services GmbH & Co. KG
744,.life,generic,"Binky Moon, LLC"
745,.lifeinsurance,generic,American Council of Life Insurers
746,.lifestyle,generic,"Lifestyle Domain Holdings, Inc."
747,.lighting,generic,"Binky Moon, LLC"
748,.like,generic,"Amazon Registry Services, Inc."
749,.lilly,generic,Eli Lilly and Company
750,.limited,generic,"Binky Moon, LLC"
751,.limo,generic,"Binky Moon, LLC"
752,.lincoln,generic,Ford Motor Company
753,.linde,generic,Not assigned
754,.link,generic,Nova Registry Ltd.
755,.lipsy,generic,Lipsy Ltd
756,.live,generic,"Dog Beach, LLC"
757,.living,generic,"Lifestyle Domain Holdings, Inc."
758,.lixil,generic,Not assigned
759,.lk,country-code,Council for Information Technology LK Domain Registrar
760,.llc,generic,Afilias Limited
761,.llp,generic,Intercap Registry Inc.
762,.loan,generic,dot Loan Limited
763,.loans,generic,"Binky Moon, LLC"
764,.locker,generic,Dish DBS Corporation
765,.locus,generic,Locus Analytics LLC
766,.loft,generic,Not assigned
767,.lol,generic,XYZ.COM LLC
768,.london,generic,Dot London Domains Limited
769,.lotte,generic,"Lotte Holdings Co., Ltd."
770,.lotto,generic,Afilias Limited
771,.love,generic,Merchant Law Group LLP
772,.lpl,generic,"LPL Holdings, Inc."
773,.lplfinancial,generic,"LPL Holdings, Inc."
774,.lr,country-code,"Data Technology Solutions, Inc."
775,.ls,country-code,Lesotho Network Information Centre Proprietary (LSNIC)
776,.lt,country-code,Kaunas University of Technology
777,.ltd,generic,"Binky Moon, LLC"
778,.ltda,generic,InterNetX Corp.
779,.lu,country-code,RESTENA
780,.lundbeck,generic,H. Lundbeck A/S
781,.lupin,generic,Not assigned
782,.luxe,generic,"Registry Services, LLC"
783,.luxury,generic,Luxury Partners LLC
784,.lv,country-code,University of Latvia Institute of Mathematics and Computer Science Department of Network Solutions (DNS)
785,.ly,country-code,General Post and Telecommunication Company
786,.ma,country-code,Agence Nationale de Réglementation des Télécommunications (ANRT)
787,.macys,generic,Not assigned
788,.madrid,generic,Comunidad de Madrid
789,.maif,generic,Mutuelle Assurance Instituteur France (MAIF)
790,.maison,generic,"Binky Moon, LLC"
791,.makeup,generic,XYZ.COM LLC
792,.man,generic,MAN SE
793,.management,generic,"Binky Moon, LLC"
794,.mango,generic,PUNTO FA S.L.
795,.map,generic,Charleston Road Registry Inc.
796,.market,generic,"Dog Beach, LLC"
797,.marketing,generic,"Binky Moon, LLC"
798,.markets,generic,"Dog Beach, LLC"
799,.marriott,generic,Marriott Worldwide Corporation
800,.marshalls,generic,"The TJX Companies, Inc."
801,.maserati,generic,Fiat Chrysler Automobiles N.V.
802,.mattel,generic,"Mattel Sites, Inc."
803,.mba,generic,"Binky Moon, LLC"
804,.mc,country-code,Direction des Plateformes et des Ressources Numériques
805,.mcd,generic,Not assigned
806,.mcdonalds,generic,Not assigned
807,.mckinsey,generic,"McKinsey Holdings, Inc."
808,.md,country-code,IP Serviciul Tehnologia Informatiei si Securitate Cibernetica
809,.me,country-code,Government of Montenegro
810,.med,generic,Medistry LLC
811,.media,generic,"Binky Moon, LLC"
812,.meet,generic,Charleston Road Registry Inc.
813,.melbourne,generic,"The Crown in right of the State of Victoria, represented by its Department of State Development, Business and Innovation"
814,.meme,generic,Charleston Road Registry Inc.
815,.memorial,generic,"Dog Beach, LLC"
816,.men,generic,Exclusive Registry Limited
817,.menu,generic,Dot Menu Registry LLC
818,.meo,generic,Not assigned
819,.merckmsd,generic,"MSD Registry Holdings, Inc."
820,.metlife,generic,Not assigned
821,.mf,country-code,Not assigned
822,.mg,country-code,NIC-MG (Network Information Center Madagascar)
823,.mh,country-code,Office of the Cabinet
824,.miami,generic,"Registry Services, LLC"
825,.microsoft,generic,Microsoft Corporation
826,.mil,sponsored,DoD Network Information Center
827,.mini,generic,Bayerische Motoren Werke Aktiengesellschaft
828,.mint,generic,"Intuit Administrative Services, Inc."
829,.mit,generic,Massachusetts Institute of Technology
830,.mitsubishi,generic,Mitsubishi Corporation
831,.mk,country-code,Macedonian Academic Research Network Skopje
832,.ml,country-code,Agence des Technologies de l’Information et de la Communication
833,.mlb,generic,"MLB Advanced Media DH, LLC"
834,.mls,generic,The Canadian Real Estate Association
835,.mm,country-code,Ministry of Transport and Communications
836,.mma,generic,MMA IARD
837,.mn,country-code,"Datacom Co., Ltd."
838,.mo,country-code,Macao Post and Telecommunications Bureau (CTT)
839,.mobi,generic,Afilias Limited
840,.mobile,generic,Dish DBS Corporation
841,.mobily,generic,Not assigned
842,.moda,generic,"Dog Beach, LLC"
843,.moe,generic,Interlink Systems Innovation Institute K.K.
844,.moi,generic,"Amazon Registry Services, Inc."
845,.mom,generic,XYZ.COM LLC
846,.monash,generic,Monash University
847,.money,generic,"Binky Moon, LLC"
848,.monster,generic,XYZ.COM LLC
849,.montblanc,generic,Not assigned
850,.mopar,generic,Not assigned
851,.mormon,generic,"IRI Domain Management, LLC (""Applicant"")"
852,.mortgage,generic,"Dog Beach, LLC"
853,.moscow,generic,Foundation for Assistance for Internet Technologies and Infrastructure Development (FAITID)
854,.moto,generic,"Motorola Trademark Holdings, LLC"
855,.motorcycles,generic,XYZ.COM LLC
856,.mov,generic,Charleston Road Registry Inc.
857,.movie,generic,"Binky Moon, LLC"
858,.movistar,generic,Not assigned
859,.mp,country-code,"Saipan Datacom, Inc."
860,.mq,country-code,CANAL+ TELECOM
861,.mr,country-code,Université de Nouakchott Al Aasriya
862,.ms,country-code,MNI Networks Ltd.
863,.msd,generic,"MSD Registry Holdings, Inc."
864,.mt,country-code,NIC (Malta)
865,.mtn,generic,MTN Dubai Limited
866,.mtpc,generic,Not assigned
867,.mtr,generic,MTR Corporation Limited
868,.mu,country-code,Internet Direct Ltd
869,.museum,sponsored,Museum Domain Management Association
870,.music,generic,DotMusic Limited
871,.mutual,generic,"Northwestern Mutual MU TLD Registry, LLC"
872,.mutuelle,generic,Not assigned
873,.mv,country-code,Dhiraagu Pvt. Ltd. (DHIVEHINET)
874,.mw,country-code,Malawi Sustainable Development Network Programme (Malawi SDNP)
875,.mx,country-code,NIC-Mexico ITESM - Campus Monterrey
876,.my,country-code,MYNIC Berhad
877,.mz,country-code,Centro de Informatica de Universidade Eduardo Mondlane
878,.na,country-code,Namibian Network Information Center
879,.nab,generic,National Australia Bank Limited
880,.nadex,generic,Not assigned
881,.nagoya,generic,"GMO Registry, Inc."
882,.name,generic-restricted,"VeriSign Information Services, Inc."
883,.nationwide,generic,Not assigned
884,.natura,generic,NATURA COSMÉTICOS S.A.
885,.navy,generic,"Dog Beach, LLC"
886,.nba,generic,"NBA REGISTRY, LLC"
887,.nc,country-code,Office des Postes et Telecommunications
888,.ne,country-code,SONITEL
889,.nec,generic,NEC Corporation
890,.net,generic,VeriSign Global Registry Services
891,.netbank,generic,COMMONWEALTH BANK OF AUSTRALIA
892,.netflix,generic,"Netflix, Inc."
893,.network,generic,"Binky Moon, LLC"
894,.neustar,generic,"NeuStar, Inc."
895,.new,generic,Charleston Road Registry Inc.
896,.newholland,generic,Not assigned
897,.news,generic,"Dog Beach, LLC"
898,.next,generic,Next plc
899,.nextdirect,generic,Next plc
900,.nexus,generic,Charleston Road Registry Inc.
901,.nf,country-code,Norfolk Island Data Services
902,.nfl,generic,NFL Reg Ops LLC
903,.ng,country-code,Nigeria Internet Registration Association
904,.ngo,generic,Public Interest Registry
905,.nhk,generic,Japan Broadcasting Corporation (NHK)
906,.ni,country-code,Universidad Nacional del Ingernieria Centro de Computo
907,.nico,generic,"DWANGO Co., Ltd."
908,.nike,generic,"NIKE, Inc."
909,.nikon,generic,NIKON CORPORATION
910,.ninja,generic,"Dog Beach, LLC"
911,.nissan,generic,"NISSAN MOTOR CO., LTD."
912,.nissay,generic,Nippon Life Insurance Company
913,.nl,country-code,SIDN (Stichting Internet Domeinregistratie Nederland)
914,.no,country-code,Norid A/S
915,.nokia,generic,Nokia Corporation
916,.northwesternmutual,generic,"Northwestern Mutual Registry, LLC"
917,.norton,generic,Symantec Corporation
918,.now,generic,"Amazon Registry Services, Inc."
919,.nowruz,generic,Asia Green IT System Bilgisayar San. ve Tic. Ltd. Sti.
920,.nowtv,generic,Starbucks (HK) Limited
921,.np,country-code,Mercantile Communications Pvt. Ltd.
922,.nr,country-code,CENPAC NET
923,.nra,generic,"NRA Holdings Company, INC."
924,.nrw,generic,Minds + Machines GmbH
925,.ntt,generic,NIPPON TELEGRAPH AND TELEPHONE CORPORATION
926,.nu,country-code,The IUSN Foundation
927,.nyc,generic,The City of New York by and through the New York City Department of Information Technology & Telecommunications
928,.nz,country-code,InternetNZ
929,.obi,generic,OBI Group Holding SE & Co. KGaA
930,.observer,generic,"Dog Beach, LLC"
931,.off,generic,Not assigned
932,.office,generic,Microsoft Corporation
933,.okinawa,generic,"BRregistry, Inc."
934,.olayan,generic,Crescent Holding GmbH
935,.olayangroup,generic,Crescent Holding GmbH
936,.oldnavy,generic,"The Gap, Inc."
937,.ollo,generic,Dish DBS Corporation
938,.om,country-code,Telecommunications Regulatory Authority (TRA)
939,.omega,generic,The Swatch Group Ltd
940,.one,generic,One.com A/S
941,.ong,generic,Public Interest Registry
942,.onl,generic,iRegistry GmbH
943,.online,generic,Radix FZC
944,.onyourside,generic,Not assigned
945,.ooo,generic,INFIBEAM INCORPORATION LIMITED
946,.open,generic,"American Express Travel Related Services Company, Inc."
947,.oracle,generic,Oracle Corporation
948,.orange,generic,Orange Brand Services Limited
949,.org,generic,Public Interest Registry (PIR)
950,.organic,generic,Afilias Limited
951,.orientexpress,generic,Not assigned
952,.origins,generic,The Estée Lauder Companies Inc.
953,.osaka,generic,"Osaka Registry Co., Ltd."
954,.otsuka,generic,"Otsuka Holdings Co., Ltd."
955,.ott,generic,Dish DBS Corporation
956,.ovh,generic,OVH SAS
957,.pa,country-code,Universidad Tecnologica de Panama
958,.page,generic,Charleston Road Registry Inc.
959,.pamperedchef,generic,Not assigned
960,.panasonic,generic,Panasonic Corporation
961,.panerai,generic,Not assigned
962,.paris,generic,City of Paris
963,.pars,generic,Asia Green IT System Bilgisayar San. ve Tic. Ltd. Sti.
964,.partners,generic,"Binky Moon, LLC"
965,.parts,generic,"Binky Moon, LLC"
966,.party,generic,Blue Sky Registry Limited
967,.passagens,generic,Travel Reservations SRL
968,.pay,generic,"Amazon Registry Services, Inc."
969,.pccw,generic,PCCW Enterprises Limited
970,.pe,country-code,Red Cientifica Peruana
971,.pet,generic,Afilias Limited
972,.pf,country-code,Gouvernement de la Polynésie française
973,.pfizer,generic,Pfizer Inc.
974,.pg,country-code,PNG DNS Administration Vice Chancellors Office The Papua New Guinea University of Technology
975,.ph,country-code,PH Domain Foundation
976,.pharmacy,generic,National Association of Boards of Pharmacy
977,.phd,generic,Charleston Road Registry Inc.
978,.philips,generic,Koninklijke Philips N.V.
979,.phone,generic,Dish DBS Corporation
980,.photo,generic,"Registry Services, LLC"
981,.photography,generic,"Binky Moon, LLC"
982,.photos,generic,"Binky Moon, LLC"
983,.physio,generic,PhysBiz Pty Ltd
984,.piaget,generic,Not assigned
985,.pics,generic,XYZ.COM LLC
986,.pictet,generic,Pictet Europe S.A.
987,.pictures,generic,"Binky Moon, LLC"
988,.pid,generic,"Top Level Spectrum, Inc."
989,.pin,generic,"Amazon Registry Services, Inc."
990,.ping,generic,"Ping Registry Provider, Inc."
991,.pink,generic,Afilias Limited
992,.pioneer,generic,Pioneer Corporation
993,.pizza,generic,"Binky Moon, LLC"
994,.pk,country-code,PKNIC
995,.pl,country-code,Research and Academic Computer Network
996,.place,generic,"Binky Moon, LLC"
997,.play,generic,Charleston Road Registry Inc.
998,.playstation,generic,Sony Computer Entertainment Inc.
999,.plumbing,generic,"Binky Moon, LLC"
1000,.plus,generic,"Binky Moon, LLC"
1001,.pm,country-code,Association Française pour le Nommage Internet en Coopération (A.F.N.I.C.)
1002,.pn,country-code,Pitcairn Island Administration
1003,.pnc,generic,"PNC Domain Co., LLC"
1004,.pohl,generic,Deutsche Vermögensberatung Aktiengesellschaft DVAG
1005,.poker,generic,Afilias Limited
1006,.politie,generic,Politie Nederland
1007,.porn,generic,ICM Registry PN LLC
1008,.post,sponsored,Universal Postal Union
1009,.pr,country-code,Gauss Research Laboratory Inc.
1010,.pramerica,generic,"Prudential Financial, Inc."
1011,.praxi,generic,Praxi S.p.A.
1012,.press,generic,Radix FZC
1013,.prime,generic,"Amazon Registry Services, Inc."
1014,.pro,generic-restricted,Afilias Limited
1015,.prod,generic,Charleston Road Registry Inc.
1016,.productions,generic,"Binky Moon, LLC"
1017,.prof,generic,Charleston Road Registry Inc.
1018,.progressive,generic,Progressive Casualty Insurance Company
1019,.promo,generic,Afilias Limited
1020,.properties,generic,"Binky Moon, LLC"
1021,.property,generic,Internet Naming Co.
1022,.protection,generic,XYZ.COM LLC
1023,.pru,generic,"Prudential Financial, Inc."
1024,.prudential,generic,"Prudential Financial, Inc."
1025,.ps,country-code,"Ministry Of Telecommunications & Information Technology, Government Computer Center."
1026,.pt,country-code,Associação DNS.PT
1027,.pub,generic,"Dog Beach, LLC"
1028,.pw,country-code,Micronesia Investment and Development Corporation
1029,.pwc,generic,PricewaterhouseCoopers LLP
1030,.py,country-code,NIC-PY
1031,.qa,country-code,Communications Regulatory Authority
1032,.qpon,generic,DOTQPON LLC.
1033,.quebec,generic,PointQuébec Inc
1034,.quest,generic,XYZ.COM LLC
1035,.qvc,generic,Not assigned
1036,.racing,generic,Premier Registry Limited
1037,.radio,generic,European Broadcasting Union (EBU)
1038,.raid,generic,Not assigned
1039,.re,country-code,Association Française pour le Nommage Internet en Coopération (A.F.N.I.C.)
1040,.read,generic,"Amazon Registry Services, Inc."
1041,.realestate,generic,dotRealEstate LLC
1042,.realtor,generic,Real Estate Domains LLC
1043,.realty,generic,"Dog Beach, LLC"
1044,.recipes,generic,"Binky Moon, LLC"
1045,.red,generic,Afilias Limited
1046,.redstone,generic,"Redstone Haute Couture Co., Ltd."
1047,.redumbrella,generic,"Travelers TLD, LLC"
1048,.rehab,generic,"Dog Beach, LLC"
1049,.reise,generic,"Binky Moon, LLC"
1050,.reisen,generic,"Binky Moon, LLC"
1051,.reit,generic,"National Association of Real Estate Investment Trusts, Inc."
1052,.reliance,generic,Reliance Industries Limited
1053,.ren,generic,ZDNS International Limited
1054,.rent,generic,XYZ.COM LLC
1055,.rentals,generic,"Binky Moon, LLC"
1056,.repair,generic,"Binky Moon, LLC"
1057,.report,generic,"Binky Moon, LLC"
1058,.republican,generic,"Dog Beach, LLC"
1059,.rest,generic,Punto 2012 Sociedad Anonima Promotora de Inversion de Capital Variable
1060,.restaurant,generic,"Binky Moon, LLC"
1061,.review,generic,dot Review Limited
1062,.reviews,generic,"Dog Beach, LLC"
1063,.rexroth,generic,Robert Bosch GMBH
1064,.rich,generic,iRegistry GmbH
1065,.richardli,generic,Pacific Century Asset Management (HK) Limited
1066,.ricoh,generic,"Ricoh Company, Ltd."
1067,.rightathome,generic,Not assigned
1068,.ril,generic,Reliance Industries Limited
1069,.rio,generic,Empresa Municipal de Informática SA - IPLANRIO
1070,.rip,generic,"Dog Beach, LLC"
1071,.rmit,generic,Not assigned
1072,.ro,country-code,National Institute for R&D in Informatics
1073,.rocher,generic,Ferrero Trading Lux S.A.
1074,.rocks,generic,"Dog Beach, LLC"
1075,.rodeo,generic,"Registry Services, LLC"
1076,.rogers,generic,Rogers Communications Canada Inc.
1077,.room,generic,"Amazon Registry Services, Inc."
1078,.rs,country-code,Serbian National Internet Domain Registry (RNIDS)
1079,.rsvp,generic,Charleston Road Registry Inc.
1080,.ru,country-code,Coordination Center for TLD RU
1081,.rugby,generic,World Rugby Strategic Developments Limited
1082,.ruhr,generic,dotSaarland GmbH
1083,.run,generic,"Binky Moon, LLC"
1084,.rw,country-code,Rwanda Internet Community and Technology Alliance (RICTA) Ltd
1085,.rwe,generic,RWE AG
1086,.ryukyu,generic,"BRregistry, Inc."
1087,.sa,country-code,Communications and Information Technology Commission
1088,.saarland,generic,dotSaarland GmbH
1089,.safe,generic,"Amazon Registry Services, Inc."
1090,.safety,generic,"Safety Registry Services, LLC."
1091,.sakura,generic,SAKURA internet Inc.
1092,.sale,generic,"Dog Beach, LLC"
1093,.salon,generic,"Binky Moon, LLC"
1094,.samsclub,generic,"Wal-Mart Stores, Inc."
1095,.samsung,generic,"SAMSUNG SDS CO., LTD"
1096,.sandvik,generic,Sandvik AB
1097,.sandvikcoromant,generic,Sandvik AB
1098,.sanofi,generic,Sanofi
1099,.sap,generic,SAP AG
1100,.sapo,generic,Not assigned
1101,.sarl,generic,"Binky Moon, LLC"
1102,.sas,generic,Research IP LLC
1103,.save,generic,"Amazon Registry Services, Inc."
1104,.saxo,generic,Saxo Bank A/S
1105,.sb,country-code,Solomon Telekom Company Limited
1106,.sbi,generic,STATE BANK OF INDIA
1107,.sbs,generic,SPECIAL BROADCASTING SERVICE CORPORATION
1108,.sc,country-code,VCS Pty Ltd
1109,.sca,generic,SVENSKA CELLULOSA AKTIEBOLAGET SCA (publ)
1110,.scb,generic,"The Siam Commercial Bank Public Company Limited (""SCB"")"
1111,.schaeffler,generic,Schaeffler Technologies AG & Co. KG
1112,.schmidt,generic,SCHMIDT GROUPE S.A.S.
1113,.scholarships,generic,"Scholarships.com, LLC"
1114,.school,generic,"Binky Moon, LLC"
1115,.schule,generic,"Binky Moon, LLC"
1116,.schwarz,generic,Schwarz Domains und Services GmbH & Co. KG
1117,.science,generic,dot Science Limited
1118,.scjohnson,generic,Not assigned
1119,.scor,generic,Not assigned
1120,.scot,generic,Dot Scot Registry Limited
1121,.sd,country-code,Sudan Internet Society
1122,.se,country-code,The Internet Infrastructure Foundation
1123,.search,generic,Charleston Road Registry Inc.
1124,.seat,generic,"SEAT, S.A. (Sociedad Unipersonal)"
1125,.secure,generic,"Amazon Registry Services, Inc."
1126,.security,generic,XYZ.COM LLC
1127,.seek,generic,Seek Limited
1128,.select,generic,"Registry Services, LLC"
1129,.sener,generic,"Sener Ingeniería y Sistemas, S.A."
1130,.services,generic,"Binky Moon, LLC"
1131,.ses,generic,Not assigned
1132,.seven,generic,Seven West Media Ltd
1133,.sew,generic,SEW-EURODRIVE GmbH & Co KG
1134,.sex,generic,ICM Registry SX LLC
1135,.sexy,generic,Internet Naming Co.
1136,.sfr,generic,Societe Francaise du Radiotelephone - SFR
1137,.sg,country-code,Singapore Network Information Centre (SGNIC) Pte Ltd
1138,.sh,country-code,Government of St. Helena
1139,.shangrila,generic,Shangri-La International Hotel Management Limited
1140,.sharp,generic,Sharp Corporation
1141,.shaw,generic,Shaw Cablesystems G.P.
1142,.shell,generic,Shell Information Technology International Inc
1143,.shia,generic,Asia Green IT System Bilgisayar San. ve Tic. Ltd. Sti.
1144,.shiksha,generic,Afilias Limited
1145,.shoes,generic,"Binky Moon, LLC"
1146,.shop,generic,"GMO Registry, Inc."
1147,.shopping,generic,"Binky Moon, LLC"
1148,.shouji,generic,QIHOO 360 TECHNOLOGY CO. LTD.
1149,.show,generic,"Binky Moon, LLC"
1150,.showtime,generic,CBS Domains Inc.
1151,.shriram,generic,Not assigned
1152,.si,country-code,Academic and Research Network of Slovenia (ARNES)
1153,.silk,generic,"Amazon Registry Services, Inc."
1154,.sina,generic,Sina Corporation
1155,.singles,generic,"Binky Moon, LLC"
1156,.site,generic,Radix FZC
1157,.sj,country-code,Norid A/S
1158,.sk,country-code,"SK-NIC, a.s."
1159,.ski,generic,Afilias Limited
1160,.skin,generic,XYZ.COM LLC
1161,.sky,generic,Sky International AG
1162,.skype,generic,Microsoft Corporation
1163,.sl,country-code,Sierratel
1164,.sling,generic,Hughes Satellite Systems Corporation
1165,.sm,country-code,Telecom Italia San Marino S.p.A.
1166,.smart,generic,"Smart Communications, Inc. (SMART)"
1167,.smile,generic,"Amazon Registry Services, Inc."
1168,.sn,country-code,Universite Cheikh Anta Diop
1169,.sncf,generic,SNCF (Société Nationale des Chemins de fer Francais)
1170,.so,country-code,Ministry of Post and Telecommunications
1171,.soccer,generic,"Binky Moon, LLC"
1172,.social,generic,"Dog Beach, LLC"
1173,.softbank,generic,SoftBank Group Corp.
1174,.software,generic,"Dog Beach, LLC"
1175,.sohu,generic,Sohu.com Limited
1176,.solar,generic,"Binky Moon, LLC"
1177,.solutions,generic,"Binky Moon, LLC"
1178,.song,generic,"Amazon Registry Services, Inc."
1179,.sony,generic,Sony Corporation
1180,.soy,generic,Charleston Road Registry Inc.
1181,.spa,generic,Asia Spa and Wellness Promotion Council Limited
1182,.space,generic,Radix FZC
1183,.spiegel,generic,Not assigned
1184,.sport,generic,Global Association of International Sports Federations (GAISF)
1185,.spot,generic,"Amazon Registry Services, Inc."
1186,.spreadbetting,generic,Not assigned
1187,.sr,country-code,Telesur
1188,.srl,generic,InterNetX Corp.
1189,.srt,generic,Not assigned
1190,.ss,country-code,National Communication Authority (NCA)
1191,.st,country-code,Tecnisys
1192,.stada,generic,STADA Arzneimittel AG
1193,.staples,generic,"Staples, Inc."
1194,.star,generic,Star India Private Limited
1195,.starhub,generic,Not assigned
1196,.statebank,generic,STATE BANK OF INDIA
1197,.statefarm,generic,State Farm Mutual Automobile Insurance Company
1198,.statoil,generic,Not assigned
1199,.stc,generic,Saudi Telecom Company
1200,.stcgroup,generic,Saudi Telecom Company
1201,.stockholm,generic,Stockholms kommun
1202,.storage,generic,XYZ.COM LLC
1203,.store,generic,Radix FZC
1204,.stream,generic,dot Stream Limited
1205,.studio,generic,"Dog Beach, LLC"
1206,.study,generic,"Registry Services, LLC"
1207,.style,generic,"Binky Moon, LLC"
1208,.su,country-code,Russian Institute for Development of Public Networks (ROSNIIROS)
1209,.sucks,generic,Vox Populi Registry Ltd.
1210,.supplies,generic,"Binky Moon, LLC"
1211,.supply,generic,"Binky Moon, LLC"
1212,.support,generic,"Binky Moon, LLC"
1213,.surf,generic,"Registry Services, LLC"
1214,.surgery,generic,"Binky Moon, LLC"
1215,.suzuki,generic,SUZUKI MOTOR CORPORATION
1216,.sv,country-code,SVNet
1217,.swatch,generic,The Swatch Group Ltd
1218,.swiftcover,generic,Not assigned
1219,.swiss,generic,Swiss Confederation
1220,.sx,country-code,SX Registry SA B.V.
1221,.sy,country-code,National Agency for Network Services (NANS)
1222,.sydney,generic,"State of New South Wales, Department of Premier and Cabinet"
1223,.symantec,generic,Not assigned
1224,.systems,generic,"Binky Moon, LLC"
1225,.sz,country-code,University of Swaziland Department of Computer Science
1226,.tab,generic,Tabcorp Holdings Limited
1227,.taipei,generic,Taipei City Government
1228,.talk,generic,"Amazon Registry Services, Inc."
1229,.taobao,generic,Alibaba Group Holding Limited
1230,.target,generic,"Target Domain Holdings, LLC"
1231,.tatamotors,generic,Tata Motors Ltd
1232,.tatar,generic,"Limited Liability Company ""Coordination Center of Regional Domain of Tatarstan Republic"""
1233,.tattoo,generic,"Top Level Design, LLC"
1234,.tax,generic,"Binky Moon, LLC"
1235,.taxi,generic,"Binky Moon, LLC"
1236,.tc,country-code,Melrex TC
1237,.tci,generic,Asia Green IT System Bilgisayar San. ve Tic. Ltd. Sti.
1238,.td,country-code,l'Agence de Développement des Technologies de l'Information et de la Communication (ADETIC)
1239,.tdk,generic,TDK Corporation
1240,.team,generic,"Binky Moon, LLC"
1241,.tech,generic,Radix FZC
1242,.technology,generic,"Binky Moon, LLC"
1243,.tel,sponsored,Telnames Ltd.
1244,.telecity,generic,Not assigned
1245,.telefonica,generic,Not assigned
1246,.temasek,generic,Temasek Holdings (Private) Limited
1247,.tennis,generic,"Binky Moon, LLC"
1248,.teva,generic,Teva Pharmaceutical Industries Limited
1249,.tf,country-code,Association Française pour le Nommage Internet en Coopération (A.F.N.I.C.)
1250,.tg,country-code,Autorité de Régulation des Communications Electroniques et des Postes (ARCEP)
1251,.th,country-code,Thai Network Information Center Foundation
1252,.thd,generic,"Home Depot Product Authority, LLC"
1253,.theater,generic,"Binky Moon, LLC"
1254,.theatre,generic,XYZ.COM LLC
1255,.tiaa,generic,Teachers Insurance and Annuity Association of America
1256,.tickets,generic,XYZ.COM LLC
1257,.tienda,generic,"Binky Moon, LLC"
1258,.tiffany,generic,Tiffany and Company
1259,.tips,generic,"Binky Moon, LLC"
1260,.tires,generic,"Binky Moon, LLC"
1261,.tirol,generic,punkt Tirol GmbH
1262,.tj,country-code,Information Technology Center
1263,.tjmaxx,generic,"The TJX Companies, Inc."
1264,.tjx,generic,"The TJX Companies, Inc."
1265,.tk,country-code,Telecommunication Tokelau Corporation (Teletok)
1266,.tkmaxx,generic,"The TJX Companies, Inc."
1267,.tl,country-code,Autoridade Nacional de Comunicações
1268,.tm,country-code,TM Domain Registry Ltd
1269,.tmall,generic,Alibaba Group Holding Limited
1270,.tn,country-code,Agence Tunisienne d'Internet
1271,.to,country-code,Government of the Kingdom of Tonga H.R.H. Crown Prince Tupouto'a c/o Consulate of Tonga
1272,.today,generic,"Binky Moon, LLC"
1273,.tokyo,generic,"GMO Registry, Inc."
1274,.tools,generic,"Binky Moon, LLC"
1275,.top,generic,"Jiangsu Bangning Science & Technology Co.,Ltd."
1276,.toray,generic,"Toray Industries, Inc."
1277,.toshiba,generic,TOSHIBA Corporation
1278,.total,generic,Total SA
1279,.tours,generic,"Binky Moon, LLC"
1280,.town,generic,"Binky Moon, LLC"
1281,.toyota,generic,TOYOTA MOTOR CORPORATION
1282,.toys,generic,"Binky Moon, LLC"
1283,.tp,country-code,Not assigned
1284,.tr,country-code,Bilgi Teknolojileri ve İletişim Kurumu (BTK)
1285,.trade,generic,Elite Registry Limited
1286,.trading,generic,"Dog Beach, LLC"
1287,.training,generic,"Binky Moon, LLC"
1288,.travel,sponsored,"Dog	Beach, LLC"
1289,.travelchannel,generic,"Lifestyle Domain Holdings, Inc."
1290,.travelers,generic,"Travelers TLD, LLC"
1291,.travelersinsurance,generic,"Travelers TLD, LLC"
1292,.trust,generic,Internet Naming Co.
1293,.trv,generic,"Travelers TLD, LLC"
1294,.tt,country-code,University of the West Indies Faculty of Engineering
1295,.tube,generic,Latin American Telecom LLC
1296,.tui,generic,TUI AG
1297,.tunes,generic,"Amazon Registry Services, Inc."
1298,.tushu,generic,"Amazon Registry Services, Inc."
1299,.tv,country-code,"Ministry of Justice, Communications and Foreign Affairs"
1300,.tvs,generic,T V SUNDRAM IYENGAR & SONS PRIVATE LIMITED
1301,.tw,country-code,Taiwan Network Information Center (TWNIC)
1302,.tz,country-code,Tanzania Communications Regulatory Authority
1303,.ua,country-code,Hostmaster Ltd.
1304,.ubank,generic,National Australia Bank Limited
1305,.ubs,generic,UBS AG
1306,.uconnect,generic,Not assigned
1307,.ug,country-code,Uganda Online Ltd.
1308,.uk,country-code,Nominet UK
1309,.um,country-code,Not assigned
1310,.unicom,generic,China United Network Communications Corporation Limited
1311,.university,generic,"Binky Moon, LLC"
1312,.uno,generic,Radix FZC
1313,.uol,generic,UBN INTERNET LTDA.
1314,.ups,generic,"UPS Market Driver, Inc."
1315,.us,country-code,"Registry Services, LLC"
1316,.uy,country-code,SeCIU - Universidad de la Republica
1317,.uz,country-code,Single Integrator for Creation and Support of State Information Systems UZINFOCOM
1318,.va,country-code,Holy See - Vatican City State
1319,.vacations,generic,"Binky Moon, LLC"
1320,.vana,generic,"Lifestyle Domain Holdings, Inc."
1321,.vanguard,generic,"The Vanguard Group, Inc."
1322,.vc,country-code,"Ministry of Telecommunications, Science, Technology and Industry"
1323,.ve,country-code,Comisión Nacional de Telecomunicaciones (CONATEL)
1324,.vegas,generic,"Dot Vegas, Inc."
1325,.ventures,generic,"Binky Moon, LLC"
1326,.verisign,generic,"VeriSign, Inc."
1327,.versicherung,generic,tldbox GmbH
1328,.vet,generic,"Dog Beach, LLC"
1329,.vg,country-code,Telecommunications Regulatory Commission of the Virgin Islands
1330,.vi,country-code,"Virgin Islands Public Telecommunications System, Inc."
1331,.viajes,generic,"Binky Moon, LLC"
1332,.video,generic,"Dog Beach, LLC"
1333,.vig,generic,VIENNA INSURANCE GROUP AG Wiener Versicherung Gruppe
1334,.viking,generic,Viking River Cruises (Bermuda) Ltd.
1335,.villas,generic,"Binky Moon, LLC"
1336,.vin,generic,"Binky Moon, LLC"
1337,.vip,generic,"Registry Services, LLC"
1338,.virgin,generic,Virgin Enterprises Limited
1339,.visa,generic,Visa Worldwide Pte. Limited
1340,.vision,generic,"Binky Moon, LLC"
1341,.vista,generic,Not assigned
1342,.vistaprint,generic,Not assigned
1343,.viva,generic,Saudi Telecom Company
1344,.vivo,generic,Telefonica Brasil S.A.
1345,.vlaanderen,generic,DNS.be vzw
1346,.vn,country-code,Viet Nam Internet Network Information Center (VNNIC)
1347,.vodka,generic,"Registry Services, LLC"
1348,.volkswagen,generic,Volkswagen Group of America Inc.
1349,.volvo,generic,Volvo Holding Sverige Aktiebolag
1350,.vote,generic,Monolith Registry LLC
1351,.voting,generic,Valuetainment Corp.
1352,.voto,generic,Monolith Registry LLC
1353,.voyage,generic,"Binky Moon, LLC"
1354,.vu,country-code,Telecommunications Radiocommunications and Broadcasting Regulator (TRBR)
1355,.vuelos,generic,Travel Reservations SRL
1356,.wales,generic,Nominet UK
1357,.walmart,generic,"Wal-Mart Stores, Inc."
1358,.walter,generic,Sandvik AB
1359,.wang,generic,Zodiac Wang Limited
1360,.wanggou,generic,"Amazon Registry Services, Inc."
1361,.warman,generic,Not assigned
1362,.watch,generic,"Binky Moon, LLC"
1363,.watches,generic,Afilias Limited
1364,.weather,generic,International Business Machines Corporation
1365,.weatherchannel,generic,International Business Machines Corporation
1366,.webcam,generic,dot Webcam Limited
1367,.weber,generic,Saint-Gobain Weber SA
1368,.website,generic,Radix FZC
1369,.wed,generic,Emergency Back-End Registry Operator Program - ICANN
1370,.wedding,generic,"Registry Services, LLC"
1371,.weibo,generic,Sina Corporation
1372,.weir,generic,Weir Group IP Limited
1373,.wf,country-code,Association Française pour le Nommage Internet en Coopération (A.F.N.I.C.)
1374,.whoswho,generic,Who's Who Registry
1375,.wien,generic,punkt.wien GmbH
1376,.wiki,generic,"Top Level Design, LLC"
1377,.williamhill,generic,William Hill Organization Limited
1378,.win,generic,First Registry Limited
1379,.windows,generic,Microsoft Corporation
1380,.wine,generic,"Binky Moon, LLC"
1381,.winners,generic,"The TJX Companies, Inc."
1382,.wme,generic,"William Morris Endeavor Entertainment, LLC"
1383,.wolterskluwer,generic,Wolters Kluwer N.V.
1384,.woodside,generic,Woodside Petroleum Limited
1385,.work,generic,"Registry Services, LLC"
1386,.works,generic,"Binky Moon, LLC"
1387,.world,generic,"Binky Moon, LLC"
1388,.wow,generic,"Amazon Registry Services, Inc."
1389,.ws,country-code,Government of Samoa Ministry of Foreign Affairs & Trade
1390,.wtc,generic,"World Trade Centers Association, Inc."
1391,.wtf,generic,"Binky Moon, LLC"
1392,.xbox,generic,Microsoft Corporation
1393,.xerox,generic,Xerox DNHC LLC
1394,.xfinity,generic,"Comcast IP Holdings I, LLC"
1395,.xihuan,generic,QIHOO 360 TECHNOLOGY CO. LTD.
1396,.xin,generic,Elegant Leader Limited
1397,.测试,test,Not assigned
1398,.कॉम,generic,VeriSign Sarl
1399,.परीक्षा,test,Not assigned
1400,.セール,generic,"Amazon Registry Services, Inc."
1401,.佛山,generic,"Guangzhou YU Wei Information Technology Co., Ltd."
1402,.ಭಾರತ,country-code,National Internet eXchange of India
1403,.慈善,generic,Excellent First Limited
1404,.集团,generic,Eagle Horizon Limited
1405,.在线,generic,TLD REGISTRY LIMITED
1406,.한국,country-code,KISA (Korea Internet & Security Agency)
1407,.ଭାରତ,country-code,National Internet eXchange of India
1408,.大众汽车,generic,Not assigned
1409,.点看,generic,VeriSign Sarl
1410,.คอม,generic,VeriSign Sarl
1411,.ভাৰত,country-code,National Internet eXchange of India
1412,.ভারত,country-code,National Internet Exchange of India
1413,.八卦,generic,Zodiac Gemini Ltd
1414,‏.ישראל‎,country-code,The Israel Internet Association (RA)
1415,‏.موقع‎,generic,Helium TLDs Ltd
1416,.বাংলা,country-code,Posts and Telecommunications Division
1417,.公益,generic,China Organizational Name Administration Center
1418,.公司,generic,China Internet Network Information Center(CNNIC)
1419,.香格里拉,generic,Shangri-La International Hotel Management Limited
1420,.网站,generic,Global Website TLD Asia Limited
1421,.移动,generic,Afilias Limited
1422,.我爱你,generic,Tycoon Treasure Limited
1423,.москва,generic,Foundation for Assistance for Internet Technologies and Infrastructure Development (FAITID)
1424,.испытание,test,Not assigned
1425,.қаз,country-code,Association of IT Companies of Kazakhstan
1426,.католик,generic,Pontificium Consilium de Comunicationibus Socialibus (PCCS) (Pontifical Council for Social Communication)
1427,.онлайн,generic,CORE Association
1428,.сайт,generic,CORE Association
1429,.联通,generic,China United Network Communications Corporation Limited
1430,.срб,country-code,Serbian National Internet Domain Registry (RNIDS)
1431,.бг,country-code,Imena.BG AD
1432,.бел,country-code,Belarusian Cloud Technologies LLC
1433,‏.קום‎,generic,VeriSign Sarl
1434,.时尚,generic,RISE VICTORY LIMITED
1435,.微博,generic,Sina Corporation
1436,.테스트,test,Not assigned
1437,.淡马锡,generic,Temasek Holdings (Private) Limited
1438,.ファッション,generic,"Amazon Registry Services, Inc."
1439,.орг,generic,Public Interest Registry
1440,.नेट,generic,VeriSign Sarl
1441,.ストア,generic,"Amazon Registry Services, Inc."
1442,.アマゾン,generic,"Amazon Registry Services, Inc."
1443,.삼성,generic,"SAMSUNG SDS CO., LTD"
1444,.சிங்கப்பூர்,country-code,Singapore Network Information Centre (SGNIC) Pte Ltd
1445,.商标,generic,Internet DotTrademark Organisation Limited
1446,.商店,generic,"Binky Moon, LLC"
1447,.商城,generic,Zodiac Aquarius Limited
1448,.дети,generic,The Foundation for Network Initiatives “The Smart Internet”
1449,.мкд,country-code,Macedonian Academic Research Network Skopje
1450,‏.טעסט‎,test,Not assigned
1451,.ею,country-code,EURid vzw
1452,.ポイント,generic,"Amazon Registry Services, Inc."
1453,.新闻,generic,"Guangzhou YU Wei Information and Technology Co.,Ltd"
1454,.工行,generic,Not assigned
1455,.家電,generic,"Amazon Registry Services, Inc."
1456,‏.كوم‎,generic,VeriSign Sarl
1457,.中文网,generic,TLD REGISTRY LIMITED
1458,.中信,generic,CITIC Group Corporation
1459,.中国,country-code,China Internet Network Information Center (CNNIC)
1460,.中國,country-code,China Internet Network Information Center (CNNIC)
1461,.娱乐,generic,"Binky Moon, LLC"
1462,.谷歌,generic,Charleston Road Registry Inc.
1463,.భారత్,country-code,National Internet Exchange of India
1464,.ලංකා,country-code,LK Domain Registry
1465,.電訊盈科,generic,PCCW Enterprises Limited
1466,.购物,generic,"Nawang Heli(Xiamen) Network Service Co., LTD."
1467,.測試,test,Not assigned
1468,.クラウド,generic,"Amazon Registry Services, Inc."
1469,.ભારત,country-code,National Internet Exchange of India
1470,.通販,generic,"Amazon Registry Services, Inc."
1471,.भारतम्,country-code,National Internet eXchange of India
1472,.भारत,country-code,National Internet Exchange of India
1473,.भारोत,country-code,National Internet eXchange of India
1474,‏.آزمایشی‎,test,Not assigned
1475,.பரிட்சை,test,Not assigned
1476,.网店,generic,Zodiac Taurus Ltd.
1477,.संगठन,generic,Public Interest Registry
1478,.餐厅,generic,Internet DotTrademark Organisation Limited
1479,.网络,generic,China Internet Network Information Center(CNNIC)
1480,.ком,generic,VeriSign Sarl
1481,.укр,country-code,"Ukrainian Network Information Centre (UANIC), Inc."
1482,.香港,country-code,Hong Kong Internet Registration Corporation Ltd.
1483,.亚马逊,generic,"Amazon Registry Services, Inc."
1484,.诺基亚,generic,Not assigned
1485,.食品,generic,"Amazon Registry Services, Inc."
1486,.δοκιμή,test,Not assigned
1487,.飞利浦,generic,Koninklijke Philips N.V.
1488,‏.إختبار‎,test,Not assigned
1489,.台湾,country-code,Taiwan Network Information Center (TWNIC)
1490,.台灣,country-code,Taiwan Network Information Center (TWNIC)
1491,.手表,generic,Not assigned
1492,.手机,generic,"Beijing RITT-Net Technology Development Co., Ltd"
1493,.мон,country-code,"Datacom Co.,Ltd"
1494,‏.الجزائر‎,country-code,CERIST
1495,‏.عمان‎,country-code,Telecommunications Regulatory Authority (TRA)
1496,‏.ارامكو‎,generic,Aramco Services Company
1497,‏.ایران‎,country-code,Institute for Research in Fundamental Sciences (IPM)
1498,‏.العليان‎,generic,Crescent Holding GmbH
1499,‏.اتصالات‎,generic,Emirates Telecommunications Corporation (trading as Etisalat)
1500,‏.امارات‎,country-code,Telecommunications and Digital Government Regulatory Authority (TDRA)
1501,‏.بازار‎,generic,CORE Association
1502,‏.موريتانيا‎,country-code,Université de Nouakchott Al Aasriya
1503,‏.پاکستان‎,country-code,National Telecommunication Corporation
1504,‏.الاردن‎,country-code,Ministry of Digital Economy and Entrepreneurship (MoDEE)
1505,‏.موبايلي‎,generic,Not assigned
1506,‏.بارت‎,country-code,National Internet eXchange of India
1507,‏.بھارت‎,country-code,National Internet Exchange of India
1508,‏.المغرب‎,country-code,Agence Nationale de Réglementation des Télécommunications (ANRT)
1509,‏.ابوظبي‎,generic,Abu Dhabi Systems and Information Centre
1510,‏.البحرين‎,country-code,Telecommunications Regulatory Authority (TRA)
1511,‏.السعودية‎,country-code,Communications and Information Technology Commission
1512,‏.ڀارت‎,country-code,National Internet eXchange of India
1513,‏.كاثوليك‎,generic,Pontificium Consilium de Comunicationibus Socialibus (PCCS) (Pontifical Council for Social Communication)
1514,‏.سودان‎,country-code,Sudan Internet Society
1515,‏.همراه‎,generic,Asia Green IT System Bilgisayar San. ve Tic. Ltd. Sti.
1516,‏.عراق‎,country-code,Communications and Media Commission (CMC)
1517,‏.مليسيا‎,country-code,MYNIC Berhad
1518,.澳門,country-code,Macao Post and Telecommunications Bureau (CTT)
1519,.닷컴,generic,VeriSign Sarl
1520,.政府,generic,"Net-Chinese Co., Ltd."
1521,‏.شبكة‎,generic,International Domain Registry Pty. Ltd.
1522,‏.بيتك‎,generic,Kuwait Finance House
1523,‏.عرب‎,generic,League of Arab States
1524,.გე,country-code,Information Technologies Development Center (ITDC)
1525,.机构,generic,Public Interest Registry
1526,.组织机构,generic,Public Interest Registry
1527,.健康,generic,Stable Tone Limited
1528,.ไทย,country-code,Thai Network Information Center Foundation
1529,‏.سورية‎,country-code,National Agency for Network Services (NANS)
1530,.招聘,generic,Dot Trademark TLD Holding Company Limited
1531,.рус,generic,Rusnames Limited
1532,.рф,country-code,Coordination Center for TLD RU
1533,.珠宝,generic,Not assigned
1534,‏.تونس‎,country-code,Agence Tunisienne d'Internet
1535,.大拿,generic,VeriSign Sarl
1536,.ລາວ,country-code,"Lao National Internet Center (LANIC), Ministry of Technology and Communications"
1537,.みんな,generic,Charleston Road Registry Inc.
1538,.グーグル,generic,Charleston Road Registry Inc.
1539,.ευ,country-code,EURid vzw
1540,.ελ,country-code,ICS-FORTH GR
1541,.世界,generic,Stable Tone Limited
1542,.書籍,generic,"Amazon Registry Services, Inc."
1543,.ഭാരതം,country-code,National Internet eXchange of India
1544,.ਭਾਰਤ,country-code,National Internet Exchange of India
1545,.网址,generic,"KNET Co., Ltd"
1546,.닷넷,generic,VeriSign Sarl
1547,.コム,generic,VeriSign Sarl
1548,.天主教,generic,Pontificium Consilium de Comunicationibus Socialibus (PCCS) (Pontifical Council for Social Communication)
1549,.游戏,generic,"Binky Moon, LLC"
1550,.vermögensberater,generic,Deutsche Vermögensberatung Aktiengesellschaft DVAG
1551,.vermögensberatung,generic,Deutsche Vermögensberatung Aktiengesellschaft DVAG
1552,.企业,generic,"Binky Moon, LLC"
1553,.信息,generic,"Beijing Tele-info Network Technology Co., Ltd."
1554,.嘉里大酒店,generic,Kerry Trading Co. Limited
1555,.嘉里,generic,Kerry Trading Co. Limited
1556,‏.مصر‎,country-code,National Telecommunication Regulatory Authority - NTRA
1557,‏.قطر‎,country-code,Communications Regulatory Authority
1558,.广东,generic,"Guangzhou YU Wei Information Technology Co., Ltd."
1559,.இலங்கை,country-code,LK Domain Registry
1560,.இந்தியா,country-code,National Internet Exchange of India
1561,.հայ,country-code,"""Internet Society"" Non-governmental Organization"
1562,.新加坡,country-code,Singapore Network Information Centre (SGNIC) Pte Ltd
1563,‏.فلسطين‎,country-code,Ministry of Telecom & Information Technology (MTIT)
1564,.テスト,test,Not assigned
1565,.政务,generic,China Organizational Name Administration Center
1566,.xperia,generic,Not assigned
1567,.xxx,sponsored,ICM Registry LLC
1568,.xyz,generic,XYZ.COM LLC
1569,.yachts,generic,XYZ.COM LLC
1570,.yahoo,generic,OATH INC
1571,.yamaxun,generic,"Amazon Registry Services, Inc."
1572,.yandex,generic,Yandex Europe B.V.
1573,.ye,country-code,TeleYemen
1574,.yodobashi,generic,"YODOBASHI CAMERA CO.,LTD."
1575,.yoga,generic,"Registry Services, LLC"
1576,.yokohama,generic,"GMO Registry, Inc."
1577,.you,generic,"Amazon Registry Services, Inc."
1578,.youtube,generic,Charleston Road Registry Inc.
1579,.yt,country-code,Association Française pour le Nommage Internet en Coopération (A.F.N.I.C.)
1580,.yun,generic,QIHOO 360 TECHNOLOGY CO. LTD.
1581,.za,country-code,ZA Domain Name Authority
1582,.zappos,generic,"Amazon Registry Services, Inc."
1583,.zara,generic,"Industria de Diseño Textil, S.A. (INDITEX, S.A.)"
1584,.zero,generic,"Amazon Registry Services, Inc."
1585,.zip,generic,Charleston Road Registry Inc.
1586,.zippo,generic,Not assigned
1587,.zm,country-code,Zambia Information and Communications Technology Authority (ZICTA)
1588,.zone,generic,"Binky Moon, LLC"
1589,.zuerich,generic,Kanton Zürich (Canton of Zurich)
1590,.zw,country-code,Postal and Telecommunications Regulatory Authority of Zimbabwe (POTRAZ)
